City_ID,City,Cloudiness,Country,Date,Humidity,Lat,Lng,Max Temp,Wind Speed
0,tuktoyaktuk,90,CA,1581030057,75,69.45,-133.04,-16.6,8.05
1,saint anthony,1,US,1581030164,46,45.02,-93.22,30.2,5.82
2,verkhoyansk,10,RU,1581030212,97,67.54,133.38,-41.37,1.86
3,dzaoudzi,1,YT,1581030212,83,-12.79,45.27,78.8,2.24
4,partenit,96,UA,1581030212,70,44.58,34.34,41.23,16.08
5,adeje,20,ES,1581030212,72,28.12,-16.73,66.99,2.24
6,chokurdakh,0,RU,1581030055,99,70.63,147.92,-32.78,1.63
7,nakamura,100,JP,1581030212,71,32.98,132.93,44.4,1.68
8,vaini,40,TO,1581030051,79,-21.2,-175.2,84.2,11.41
9,atuona,12,PF,1581030047,74,-9.8,-139.03,82.27,21.12
10,rikitea,5,PF,1581030047,78,-23.12,-134.97,79.66,16.17
11,apac,13,UG,1581030213,81,1.98,32.54,68.77,4.09
12,katherine,40,AU,1581030213,83,-14.47,132.27,80.6,4.7
13,zeya,0,RU,1581030213,90,53.75,127.27,-23.91,2.39
14,cedar city,1,US,1581030213,45,37.68,-113.06,53.01,13.31
15,qaanaaq,0,GL,1581030051,50,77.48,-69.36,-22.05,5.37
16,tiksi,0,RU,1581030055,90,71.69,128.87,-27.85,3.27
17,colares,20,PT,1581030213,87,38.8,-9.45,59.0,2.24
18,castro,0,BR,1581030050,98,-24.79,-50.01,64.98,6.04
19,punta arenas,72,CL,1581030053,54,-53.15,-70.92,59.0,12.75
20,carutapera,95,BR,1581030080,82,-1.2,-46.02,80.11,15.55
21,cabo san lucas,40,MX,1581029971,55,22.89,-109.91,71.01,6.93
22,uray,61,RU,1581030214,94,60.12,64.78,-0.31,5.95
23,barrow,1,US,1581030053,96,71.29,-156.79,-32.8,6.93
24,dergaon,0,IN,1581030214,83,26.7,93.97,54.28,0.83
25,mataura,5,NZ,1581030003,64,-46.19,168.86,57.99,11.01
26,bengkulu,76,ID,1581030052,90,-3.8,102.27,74.61,3.78
27,ushuaia,36,AR,1581029930,71,-54.8,-68.3,53.6,12.75
28,chuy,40,UY,1581030063,90,-33.7,-53.46,74.93,11.52
29,alice springs,0,AU,1581030088,29,-23.7,133.88,77.0,3.36
30,aykhal,90,RU,1581030215,83,66.0,111.5,-4.0,4.47
31,kapaa,40,US,1581030051,60,22.08,-159.32,75.2,20.8
32,albany,90,US,1581030047,100,42.6,-73.97,35.01,4.7
33,sao gabriel da cachoeira,62,BR,1581030215,74,-0.13,-67.09,79.93,2.17
34,huarmey,27,PE,1581030065,66,-10.07,-78.15,73.11,5.37
35,mount isa,75,AU,1581030215,66,-20.73,139.5,84.2,5.82
36,srednekolymsk,86,RU,1581030215,97,67.45,153.68,-34.28,5.23
37,esperance,89,AU,1581030048,77,-33.87,121.9,64.4,17.22
38,bilibino,1,RU,1581030215,89,68.05,166.44,-27.71,3.76
39,biak,24,ID,1581030215,74,-0.91,122.88,82.17,4.47
40,torbay,75,CA,1581030057,73,47.67,-52.73,27.0,17.22
41,barkly west,45,ZA,1581030215,77,-28.54,24.52,69.8,6.93
42,klaksvik,100,FO,1581030215,100,62.23,-6.59,44.6,16.11
43,hilo,90,US,1581029836,73,19.73,-155.09,75.2,10.29
44,pevek,10,RU,1581030057,98,69.7,170.31,-32.62,4.52
45,port alfred,100,ZA,1581030049,79,-33.59,26.89,70.0,5.01
46,vestmannaeyjar,61,IS,1581030062,85,63.44,-20.27,44.17,27.22
47,carnarvon,0,AU,1581030216,94,-24.87,113.63,73.4,6.93
48,kumta,46,IN,1581030216,95,14.42,74.4,63.32,1.5
49,jega,0,NG,1581030216,14,12.22,4.38,70.57,8.86
50,san cristobal,100,VE,1581030064,24,7.77,-72.22,91.4,18.34
51,cape town,20,ZA,1581029830,77,-33.93,18.42,66.99,13.87
52,manisa,100,TR,1581029925,90,38.83,28.17,30.56,12.3
53,avarua,4,CK,1581030051,79,-21.21,-159.78,84.2,16.78
54,butaritari,95,KI,1581030055,75,3.07,172.79,84.47,16.82
55,byadgi,23,IN,1581030217,83,14.68,75.48,62.73,3.51
56,hobart,90,AU,1581030020,72,-42.88,147.33,63.0,9.17
57,souillac,20,MU,1581030061,74,-20.52,57.52,78.8,6.93
58,muros,98,ES,1581030059,87,42.78,-9.06,59.0,10.29
59,codrington,100,AU,1581030049,94,-38.27,141.97,63.97,18.39
60,jiaozuo,61,CN,1581030218,85,35.24,113.23,28.22,6.76
61,horsham,0,GB,1581030218,93,51.06,-0.33,41.0,5.82
62,asau,90,RO,1581030048,86,46.43,26.4,37.0,3.36
63,pangnirtung,75,CA,1581030049,68,66.15,-65.71,-14.8,4.7
64,syracuse,5,IT,1581030080,86,37.09,15.28,41.0,4.7
65,myanaung,7,MM,1581030218,43,18.28,95.32,62.42,1.12
66,georgetown,20,MY,1581029977,74,5.41,100.34,80.01,8.05
67,katsuura,75,JP,1581030070,65,35.13,140.3,35.01,8.05
68,laguna,1,US,1581030055,45,38.42,-121.42,64.99,5.82
69,townsville,20,AU,1581029930,70,-19.25,146.8,87.01,5.82
70,kuryk,14,KZ,1581030218,71,43.2,51.65,49.59,7.4
71,kelvington,0,CA,1581030218,90,52.17,-103.53,-9.15,6.6
72,port elizabeth,20,ZA,1581030056,72,-33.92,25.57,66.2,6.93
73,mondlo,84,ZA,1581030219,96,-27.98,30.72,61.14,2.19
74,nizwa,1,OM,1581030219,58,22.93,57.53,55.94,0.29
75,lillehammer,97,NO,1581030219,91,61.11,10.47,32.0,1.01
76,puerto del rosario,20,ES,1581030219,72,28.5,-13.86,66.2,8.05
77,takikawa,75,JP,1581030219,85,43.55,141.91,21.2,6.93
78,narsaq,62,GL,1581030067,42,60.92,-46.05,26.6,17.22
79,hermanus,100,ZA,1581030052,90,-34.42,19.23,66.99,5.99
80,tecoanapa,0,MX,1581030219,69,16.52,-98.75,81.37,7.58
81,alta floresta,100,BR,1581029993,93,-9.88,-56.09,73.85,1.01
82,mantua,0,IT,1581030219,64,45.17,10.78,41.0,2.24
83,lithakia,60,GR,1581030219,59,37.72,20.83,41.0,9.17
84,ranong,77,TH,1581030220,82,9.97,98.63,75.04,5.93
85,teknaf,15,BD,1581030220,60,20.86,92.31,54.03,2.15
86,portland,90,US,1581030158,71,45.52,-122.68,57.2,11.41
87,ulkan,80,RU,1581030220,95,57.24,107.32,-0.6,5.23
88,new norfolk,90,AU,1581030054,72,-42.78,147.06,63.0,9.17
89,sinop,100,TR,1581030120,85,41.77,34.87,45.18,25.99
90,tikrit,61,IQ,1581030220,42,34.61,43.68,57.09,10.51
91,port macquarie,90,AU,1581030144,100,-31.43,152.92,78.01,5.82
92,finnsnes,40,NO,1581030220,79,69.23,17.98,30.0,17.22
93,busselton,94,AU,1581030047,57,-33.65,115.33,72.0,6.4
94,yellowknife,75,CA,1581029841,76,62.46,-114.35,-4.0,5.82
95,alegrete,34,BR,1581029993,40,-29.78,-55.79,86.38,5.88
96,emirdag,94,TR,1581030220,88,39.02,31.15,27.1,6.15
97,quesnel,75,CA,1581030221,86,53.0,-122.5,28.4,1.19
98,goderich,100,CA,1581030173,86,43.75,-81.72,27.0,13.87
99,ankang,4,CN,1581030055,90,32.68,109.02,30.36,1.16
100,wallenhorst,90,DE,1581030051,80,52.35,8.02,42.01,1.12
101,iqaluit,75,CA,1581030009,61,63.75,-68.51,-20.0,16.11
102,port hedland,40,AU,1581030087,74,-20.32,118.57,84.2,16.11
103,bluff,50,NZ,1581030052,63,-46.6,168.33,57.99,14.0
104,mabaruma,24,GY,1581030185,90,8.2,-59.78,71.4,3.09
105,batagay-alyta,0,RU,1581030221,83,67.8,130.41,-28.23,3.87
106,xocotla,21,MX,1581030221,93,19.03,-97.1,61.09,3.96
107,cayenne,20,GF,1581030004,69,4.93,-52.33,78.8,5.82
108,saldanha,77,ZA,1581030066,72,-33.01,17.94,62.6,9.17
109,ribeira grande,100,PT,1581030053,93,38.52,-28.7,59.38,27.0
110,tasiilaq,100,GL,1581030065,79,65.61,-37.64,32.0,10.29
111,bairiki,75,KI,1581030222,79,1.33,172.98,86.0,13.87
112,jamestown,90,US,1581030057,92,42.1,-79.24,35.6,10.29
113,dikson,100,RU,1581030047,90,73.51,80.55,20.39,11.77
114,saint-philippe,3,RE,1581030049,65,-21.36,55.77,78.8,6.93
115,najran,61,SA,1581030073,48,17.49,44.13,62.6,2.24
116,koumac,98,NC,1581030222,61,-20.57,164.28,84.2,12.48
117,conakry,0,GN,1581030222,88,9.54,-13.68,80.6,3.67
118,ilulissat,75,GL,1581030073,78,69.22,-51.1,14.0,8.05
119,kodiak,90,US,1581030060,80,57.79,-152.41,33.8,4.7
120,natal,40,BR,1581030222,78,-5.79,-35.21,82.4,9.17
121,guadix,100,ES,1581030222,93,37.3,-3.14,46.4,3.18
122,kaitangata,60,NZ,1581030071,55,-46.28,169.85,61.0,8.01
123,bredasdorp,90,ZA,1581030048,88,-34.53,20.04,63.0,11.41
124,sabang,99,ID,1581030223,76,5.89,95.32,81.79,16.42
125,carauari,75,BR,1581030223,70,-4.88,-66.9,80.17,1.66
126,porgera,70,PG,1581030223,89,-5.47,143.2,60.03,4.05
127,melilla,100,ES,1581030223,81,35.29,-2.94,53.6,4.7
128,chitral,0,PK,1581030223,39,35.85,71.79,1.89,9.44
129,talnakh,40,RU,1581030066,85,69.49,88.4,23.0,31.32
130,port lincoln,0,AU,1581030223,73,-34.73,135.87,70.32,11.88
131,reyes,75,BO,1581030185,83,-14.32,-67.38,80.6,11.41
132,sibu,75,MY,1581030223,94,2.3,111.82,73.4,2.24
133,nanortalik,100,GL,1581030052,62,60.14,-45.24,28.9,14.65
134,longyearbyen,75,SJ,1581030056,70,78.22,15.64,1.4,5.82
135,yangambi,12,CD,1581030224,87,0.81,24.43,70.61,0.96
136,upernavik,100,GL,1581030057,94,72.79,-56.15,-19.93,3.49
137,okhotsk,48,RU,1581030085,67,59.38,143.3,-18.85,7.34
138,itamaraju,99,BR,1581030224,91,-17.04,-39.53,72.48,1.72
139,bismarck,90,US,1581030003,92,46.81,-100.78,14.0,12.75
140,spornoye,75,RU,1581030224,92,50.84,37.29,21.2,8.95
141,tual,94,ID,1581030087,73,-5.67,132.75,83.64,5.08
142,shakawe,93,BW,1581030224,80,-18.37,21.85,69.31,3.18
143,beyneu,67,KZ,1581030089,70,45.32,55.2,42.28,9.42
144,kuusamo,10,FI,1581030224,85,65.97,29.18,12.2,9.17
145,jalu,0,LY,1581030224,61,29.03,21.55,51.3,11.61
146,vila velha,100,BR,1581030143,83,-20.33,-40.29,78.8,2.24
147,marienburg,90,PL,1581030225,93,54.04,19.03,39.99,8.05
148,nathdwara,0,IN,1581030225,33,24.93,73.82,49.96,7.87
149,ixtapa,75,MX,1581030225,57,20.7,-105.2,75.2,8.05
150,san patricio,75,MX,1581030053,69,19.22,-104.7,78.8,13.38
151,rudsar,0,IR,1581030225,40,37.14,50.29,55.36,10.04
152,fallon,1,US,1581030225,31,39.47,-118.78,60.8,13.87
153,linxia,1,CN,1581030226,53,35.6,103.21,23.72,1.74
154,ponta do sol,20,PT,1581030065,72,32.67,-17.1,62.6,3.36
155,sucre,75,BO,1581030226,76,-19.03,-65.26,55.4,3.27
156,srivardhan,3,IN,1581030226,69,18.03,73.02,63.64,5.32
157,grand gaube,20,MU,1581030226,74,-20.01,57.66,78.8,6.93
158,dingle,80,PH,1581030049,89,11.0,122.67,77.65,11.18
159,mar del plata,75,AR,1581029784,83,-38.0,-57.56,75.2,12.75
160,ekibastuz,100,KZ,1581030226,81,51.67,75.37,22.42,18.05
161,el alto,41,PE,1581030226,100,-4.27,-81.21,62.6,11.41
162,faya,0,SA,1581030083,82,18.39,42.45,57.2,5.82
163,turkistan,75,KZ,1581030226,88,43.0,68.0,38.37,9.44
164,zhigalovo,75,RU,1581030227,99,54.81,105.16,-5.73,2.24
165,thinadhoo,1,MV,1581030227,78,0.53,72.93,82.63,7.7
166,marawi,100,PH,1581030072,94,8.0,124.29,73.99,5.01
167,bethel,90,US,1581030077,100,41.37,-73.41,39.2,4.7
168,lyngseidet,40,NO,1581030227,79,69.58,20.22,28.4,17.22
169,simpang,100,ID,1581030227,95,-1.27,104.08,75.72,3.44
170,icod de los vinos,65,ES,1581030227,87,28.37,-16.71,66.99,16.11
171,oyama,37,JP,1581030227,45,36.3,139.8,34.0,2.3
172,black river,20,JM,1581030227,45,18.03,-77.85,87.8,9.17
173,isangel,93,VU,1581030087,82,-19.55,169.27,80.26,19.1
174,poum,98,NC,1581030059,80,-20.23,164.02,81.81,27.89
175,solnechnyy,100,RU,1581030227,95,50.72,136.63,-7.11,1.88
176,norman wells,90,CA,1581030048,83,65.28,-126.83,-9.4,12.75
177,ust-ilimsk,0,RU,1581030228,91,58.0,102.66,5.76,7.11
178,east london,100,ZA,1581030056,64,-33.02,27.91,69.98,8.59
179,airai,97,TL,1581030059,73,-8.93,125.41,75.63,1.95
180,liliani,0,PK,1581030228,64,32.21,72.95,45.46,3.33
181,amga,51,RU,1581030228,97,60.9,131.96,-44.03,1.14
182,liwale,99,TZ,1581030228,97,-9.77,37.93,67.55,3.0
183,thompson,20,CA,1581030024,63,55.74,-97.86,-9.4,2.24
184,provideniya,0,RU,1581030058,62,64.38,-173.3,-14.8,2.24
185,pisco,75,PE,1581030228,30,-13.7,-76.22,72.0,6.93
186,faanui,99,PF,1581030070,73,-16.48,-151.75,82.49,15.79
187,auki,100,SB,1581030228,79,-8.77,160.7,84.38,23.26
188,lorengau,100,PG,1581030066,76,-2.02,147.27,83.5,11.5
189,emborion,6,GR,1581030229,49,40.48,21.55,32.0,12.75
190,nikolskoye,90,RU,1581030067,67,59.7,30.79,23.0,15.66
191,banjar,20,ID,1581030229,94,-8.19,114.97,80.6,5.82
192,los llanos de aridane,97,ES,1581030078,72,28.66,-17.92,66.2,8.05
193,saint pete beach,75,US,1581030229,78,27.73,-82.74,80.6,28.86
194,guerrero negro,0,MX,1581030076,38,27.98,-114.06,63.05,11.59
195,alofi,75,NU,1581030229,83,-19.06,-169.92,84.2,13.87
196,moosomin,51,CA,1581030230,90,50.13,-101.67,-3.51,5.97
197,soe,69,ID,1581030230,70,-9.86,124.28,81.66,1.45
198,hirara,40,JP,1581030056,83,24.8,125.28,69.8,12.75
199,nuuk,90,GL,1581030230,79,64.18,-51.72,19.4,10.29
200,barabai,86,ID,1581030230,93,-2.58,115.38,76.33,0.58
201,kitimat,90,CA,1581030230,93,54.05,-128.65,35.6,4.7
202,chabahar,0,IR,1581030084,59,25.29,60.64,64.22,4.79
203,clyde river,1,CA,1581030050,67,70.47,-68.59,-27.4,4.7
204,waipawa,99,NZ,1581030230,63,-41.41,175.52,73.0,14.99
205,ketchikan,75,US,1581030063,86,55.34,-131.65,42.8,11.41
206,buala,100,SB,1581030230,76,-8.14,159.59,84.74,15.82
207,key west,40,US,1581030231,74,24.56,-81.78,82.4,16.11
208,arraial do cabo,75,BR,1581030047,88,-22.97,-42.03,78.8,10.29
209,rorvik,100,NO,1581030053,96,64.86,11.24,44.1,22.7
210,jablah,40,SY,1581030231,72,35.36,35.93,59.0,17.22
211,kirakira,93,SB,1581030063,77,-10.45,161.92,84.09,17.34
212,vila franca do campo,20,PT,1581030090,77,37.72,-25.43,60.8,21.92
213,puerto ayora,75,EC,1581030050,66,-0.74,-90.35,84.2,14.99
214,mahebourg,20,MU,1581030051,74,-20.41,57.7,78.8,6.93
215,chapais,1,CA,1581030228,54,49.78,-74.85,3.2,5.82
216,ahipara,95,NZ,1581030232,59,-35.17,173.17,84.99,3.0
217,dickinson,1,US,1581030232,32,29.46,-95.05,53.01,16.11
218,olafsvik,98,IS,1581030067,89,64.89,-23.71,40.19,19.42
219,cherskiy,2,RU,1581030052,94,68.75,161.3,-39.39,0.67
220,the valley,40,AI,1581030232,74,18.22,-63.06,80.6,14.99
221,tupiza,18,BO,1581030232,64,-21.45,-65.72,57.13,6.76
222,litovko,100,RU,1581030232,96,49.24,135.17,-2.54,4.25
223,verkhnyaya toyma,87,RU,1581030232,96,62.23,45.0,-2.79,4.81
224,sorochinsk,97,RU,1581030233,89,52.43,53.16,6.03,5.46
225,arlit,0,NE,1581030233,20,18.74,7.39,64.89,5.77
226,aklavik,75,CA,1581030060,61,68.22,-135.01,-18.4,6.93
227,korem,99,ET,1581030233,83,12.51,39.52,54.36,3.6
228,shelburne,90,CA,1581030024,79,44.08,-80.2,25.0,10.49
229,anadyr,0,RU,1581030233,65,64.75,177.48,-36.0,8.95
230,riviere-au-renard,90,CA,1581030233,52,49.0,-64.4,17.6,8.05
231,christchurch,91,NZ,1581030145,72,-43.53,172.63,66.99,10.29
232,yar-sale,92,RU,1581030082,95,66.83,70.83,-4.23,11.61
233,mount gambier,90,AU,1581030233,88,-37.83,140.77,66.2,8.05
234,sidi bin nur,40,TN,1581030233,66,35.53,10.92,51.8,16.11
235,ha tinh,40,VN,1581030234,86,18.33,105.9,68.81,2.75
236,lagos,0,NG,1581030106,88,6.58,3.75,80.6,2.24
237,port-gentil,88,GA,1581030234,71,-0.72,8.78,83.26,6.55
238,kerema,24,PG,1581030234,50,-7.96,145.78,90.37,4.29
239,winneba,74,GH,1581030234,83,5.35,-0.62,84.2,6.93
240,kijang,100,KR,1581030234,64,35.24,129.21,32.0,2.24
241,porto,75,PT,1581030119,87,41.15,-8.61,55.0,10.29
242,hit,0,IQ,1581030234,44,33.64,42.83,56.79,6.73
243,nemuro,31,JP,1581030234,75,43.32,145.57,17.15,13.09
244,boguchany,10,RU,1581030234,92,58.38,97.45,9.46,5.46
245,montgomery,90,US,1581030235,87,39.15,-77.2,44.6,4.38
246,verkh-usugli,46,RU,1581030235,91,52.7,115.17,-8.18,2.35
247,olavarria,44,AR,1581030235,73,-36.89,-60.32,82.99,7.78
248,road town,20,VG,1581030007,74,18.42,-64.62,82.4,13.87
249,prattville,90,US,1581030235,100,32.46,-86.46,53.6,8.05
250,saint-georges,40,GD,1581030235,74,12.06,-61.75,80.6,14.99
251,lensk,100,RU,1581030235,96,60.73,114.93,3.87,4.43
252,asuncion,20,PY,1581029960,62,-25.3,-57.64,89.6,5.82
253,kinston,90,US,1581030235,94,35.26,-77.58,75.2,12.75
254,vilhena,20,BR,1581030235,74,-12.74,-60.15,80.6,8.05
255,marsh harbour,34,BS,1581030235,84,26.54,-77.06,76.55,22.46
256,fortuna,90,US,1581030073,87,40.6,-124.16,55.99,9.17
257,elat,0,IL,1581030228,59,29.56,34.95,64.4,6.71
258,abu kamal,53,SY,1581030236,49,34.45,40.92,54.77,9.17
259,yarim,74,YE,1581030236,65,14.3,44.38,55.92,1.07
260,karratha,100,AU,1581030236,76,-20.74,116.85,84.45,22.35
261,fairbanks,90,US,1581030079,85,64.84,-147.72,21.2,2.82
262,saskylakh,66,RU,1581030049,92,71.92,114.08,-21.26,17.96
263,cockburn town,20,TC,1581030047,74,21.46,-71.14,78.8,23.04
264,chelno-vershiny,100,RU,1581030236,89,54.43,51.1,8.53,11.65
265,hun,0,LY,1581030236,53,29.13,15.95,48.06,8.12
266,hasaki,75,JP,1581030053,68,35.73,140.83,26.6,4.7
267,cidreira,0,BR,1581030049,85,-30.18,-50.21,77.5,25.52
268,thunder bay,90,CA,1581029962,78,48.4,-89.32,17.6,5.82
269,sobolevo,6,RU,1581030237,71,54.43,31.9,20.89,16.28
270,saint-augustin,100,CA,1581030053,81,51.23,-58.65,17.01,17.76
271,borovoy,100,RU,1581030237,67,55.43,86.08,23.0,15.66
272,evensk,50,RU,1581030237,67,61.95,159.23,-8.05,15.01
273,viedma,100,AR,1581030237,84,-40.81,-63.0,63.95,16.4
274,sao desiderio,85,BR,1581030237,94,-12.36,-44.97,70.84,2.39
275,ambilobe,67,MG,1581030075,90,-13.2,49.05,74.12,3.49
276,guozhen,9,CN,1581030237,88,34.37,107.36,26.31,1.66
277,havoysund,75,NO,1581030237,85,71.0,24.66,28.4,12.75
278,nelson bay,75,AU,1581030060,94,-32.72,152.15,70.0,8.05
279,bambous virieux,20,MU,1581030237,74,-20.34,57.76,78.8,6.93
280,seoul,90,KR,1581030005,62,37.57,126.98,24.8,1.12
281,acapulco,20,MX,1581029843,70,16.86,-99.89,84.2,9.17
282,tessalit,0,ML,1581030074,15,20.2,1.01,66.31,8.86
283,lubango,96,AO,1581030238,97,-14.92,13.49,60.44,4.83
284,fort nelson,75,CA,1581030013,79,58.81,-122.7,19.4,2.24
285,jardim,0,BR,1581030238,80,-21.48,-56.14,78.01,2.8
286,severo-kurilsk,100,RU,1581030064,76,50.68,156.12,12.22,21.27
287,panzhihua,0,CN,1581030238,79,26.59,101.71,37.11,0.85
288,morros,96,BR,1581030238,90,-9.45,-46.3,70.07,3.15
289,homer,40,US,1581030239,69,59.64,-151.55,35.6,5.82
290,piranhas,70,BR,1581030239,96,-16.43,-51.82,70.61,1.01
291,bowen,0,AU,1581030239,78,-20.02,148.23,86.0,5.82
292,sao joao da barra,75,BR,1581030061,83,-21.64,-41.05,78.8,4.7
293,plainfield,90,US,1581030239,93,40.62,-74.42,46.4,6.93
294,apen,75,DE,1581030239,75,53.22,7.8,42.8,1.12
295,polunochnoye,44,RU,1581030239,86,60.87,60.42,-4.22,4.59
296,xichang,85,CN,1581030239,93,27.9,102.26,28.67,2.53
297,eirunepe,95,BR,1581030239,90,-6.66,-69.87,76.24,2.44
298,pasco,90,US,1581029956,74,28.29,-82.42,81.0,28.86
299,phangnga,20,TH,1581030239,78,8.45,98.53,77.0,5.82
300,hithadhoo,30,MV,1581030029,75,-0.6,73.08,82.9,7.52
301,madhogarh,0,IN,1581030240,71,26.28,79.19,50.36,4.59
302,vestmanna,100,FO,1581030240,100,62.16,-7.17,44.6,16.11
303,tongren,100,CN,1581030240,90,27.72,109.19,36.68,4.25
304,pacific grove,1,US,1581030151,39,36.62,-121.92,71.01,8.5
305,moranbah,0,AU,1581030068,62,-22.0,148.05,83.39,7.92
306,touros,20,BR,1581030055,74,-5.2,-35.46,82.4,12.75
307,seymchan,81,RU,1581030240,91,62.88,152.43,-31.95,4.34
308,itaquyry,24,PY,1581030240,75,-24.93,-55.22,77.95,4.43
309,tura,0,IN,1581029991,52,25.52,90.22,53.22,1.48
310,mabopane,25,ZA,1581030240,82,-25.5,28.1,70.0,6.93
311,akureyri,19,IS,1581030241,65,65.68,-18.09,41.0,39.15
312,mbanza-ngungu,100,CD,1581030241,90,-5.25,14.87,71.02,1.19
313,conde,40,BR,1581030241,78,-7.26,-34.91,82.4,9.17
314,berdigestyakh,0,RU,1581030241,98,62.1,126.7,-35.18,2.48
315,constitucion,0,CL,1581030049,75,-35.33,-72.42,54.25,11.01
316,hofn,89,IS,1581030082,92,64.25,-15.21,43.02,6.93
317,fatsa,75,TR,1581030241,100,41.03,37.5,48.2,3.36
318,bubaque,1,GW,1581030241,64,11.28,-15.83,78.75,15.5
319,yulara,0,AU,1581030050,24,-25.24,130.99,78.8,10.29
320,klisura,75,BG,1581030241,68,42.7,24.45,30.2,16.11
321,yarmouth,90,US,1581030241,100,41.71,-70.23,43.0,4.7
322,plainview,90,US,1581030241,93,40.78,-73.47,43.0,12.75
323,kavaratti,52,IN,1581030082,71,10.57,72.64,79.83,15.01
324,dicabisagan,80,PH,1581030242,87,17.08,122.42,75.11,4.14
325,basco,29,PH,1581030242,82,20.45,121.97,76.8,14.61
326,atherton,0,GB,1581030242,93,53.52,-2.49,39.99,5.64
327,kargopol,100,RU,1581030242,92,61.51,38.95,10.06,9.82
328,egvekinot,0,RU,1581030242,88,66.32,-179.17,-23.01,9.51
329,ancud,75,CL,1581030076,51,-41.87,-73.82,60.8,3.36
330,graaff-reinet,100,ZA,1581030242,95,-32.25,24.53,59.0,4.0
331,itarema,86,BR,1581030065,87,-2.92,-39.92,75.76,4.59
332,luderitz,0,NA,1581030242,86,-26.65,15.16,63.34,25.03
333,wilhelmsburg,59,AT,1581030242,74,48.11,15.61,39.99,3.94
334,port hardy,90,CA,1581030242,100,50.7,-127.42,41.0,4.7
335,tuatapere,4,NZ,1581030093,63,-46.13,167.68,57.99,14.0
336,kahului,75,US,1581030067,83,20.89,-156.47,71.6,11.41
337,lebu,0,CL,1581030058,71,-37.62,-73.65,54.36,8.61
338,makokou,100,GA,1581030243,83,0.57,12.86,73.63,2.13
339,lagdo,2,CM,1581030243,23,9.05,13.73,72.99,3.22
340,aleksandrov gay,100,RU,1581030243,96,50.15,48.57,26.31,7.72
341,salto,82,UY,1581030088,54,-31.38,-57.97,91.99,7.0
342,victoria,40,HK,1581029946,77,22.29,114.16,66.0,12.75
343,shache,9,CN,1581030243,53,38.42,77.24,28.42,2.19
344,kendari,83,ID,1581030243,86,-3.94,122.5,80.4,1.45
345,swan river,77,CA,1581030017,95,52.11,-101.27,-12.17,3.53
346,bonavista,100,CA,1581029995,80,48.65,-53.11,26.01,8.01
347,salalah,20,OM,1581030243,64,17.02,54.09,71.6,3.36
348,ostrovnoy,75,RU,1581030244,76,68.05,39.51,13.3,6.98
349,kruisfontein,99,ZA,1581030081,91,-34.0,24.73,61.0,15.21
350,kavieng,27,PG,1581030046,74,-2.57,150.8,83.86,11.88
351,maine-soroa,20,NE,1581030244,13,13.21,12.02,64.56,8.41
352,misratah,33,LY,1581030244,62,32.38,15.09,56.37,15.01
353,uvat,98,RU,1581030244,94,59.14,68.9,13.46,8.93
354,montes claros,100,BR,1581030008,73,-16.73,-43.86,77.0,4.34
355,taltal,0,CL,1581030244,86,-25.4,-70.48,62.38,3.94
356,lata,75,PT,1581030244,93,40.16,-8.33,57.99,2.24
357,la libertad,32,EC,1581030244,70,-2.23,-80.9,84.2,11.41
358,iwanai,100,JP,1581030244,82,42.97,140.51,22.71,10.45
359,victoria point,90,AU,1581030244,88,-27.58,153.3,77.0,6.93
360,pirawa,0,IN,1581030245,59,24.16,76.03,54.32,6.33
361,arcachon,17,FR,1581030245,86,44.59,-1.05,44.6,2.24
362,koslan,41,RU,1581030245,98,63.46,48.9,-11.83,3.22
363,henties bay,20,NA,1581030089,93,-22.12,14.28,63.0,4.76
364,elizabeth city,90,US,1581030245,88,36.29,-76.25,66.99,8.05
365,muroto,75,JP,1581030032,69,33.28,134.15,37.4,6.93
366,coahuayana,90,MX,1581030245,53,18.73,-103.68,75.2,6.93
367,villany,95,HU,1581030245,69,45.87,18.45,37.99,11.41
368,eureka,90,US,1581030080,87,40.8,-124.16,55.99,9.17
369,khatanga,76,RU,1581030048,89,71.97,102.5,-8.27,9.91
370,saint george,1,US,1581029866,37,37.1,-113.58,53.6,12.75
371,saint peters,90,US,1581030246,90,38.8,-90.63,32.0,8.05
372,emba,100,KZ,1581030246,100,48.83,58.14,33.94,11.81
373,ambon,20,ID,1581029988,94,-3.7,128.18,77.0,3.36
374,namatanai,87,PG,1581030072,73,-3.67,152.43,83.43,9.31
375,priiskovyy,49,RU,1581030246,98,51.93,116.63,-16.55,1.25
376,komsomolskiy,0,UZ,1581030086,55,40.43,71.72,35.6,6.93
377,onguday,100,RU,1581030246,97,50.75,86.15,14.09,8.59
378,sola,99,VU,1581030066,79,-13.88,167.55,83.44,12.53
379,hamina,75,FI,1581030246,67,60.57,27.2,23.0,6.93
380,barbacena,90,BR,1581030193,87,-21.23,-43.77,60.8,9.17
381,saravan,0,AM,1581030246,60,39.72,45.65,41.0,9.17
382,derzhavinsk,100,KZ,1581030246,94,51.1,66.32,24.12,19.39
383,neyshabur,0,IR,1581030246,59,36.21,58.8,38.05,2.06
384,mehamn,40,NO,1581030246,58,71.04,27.85,28.4,20.8
385,praia,22,CV,1581030247,56,14.92,-23.51,73.4,17.22
386,lompoc,1,US,1581029844,45,34.64,-120.46,64.99,10.29
387,ouadda,9,CF,1581030247,26,8.08,22.4,68.07,3.56
388,skelleftea,34,SE,1581030247,85,64.75,20.95,14.0,6.93
389,lappeenranta,20,FI,1581030117,67,61.05,28.17,23.0,9.17
390,bentiu,19,SS,1581030247,17,9.23,29.83,75.65,4.27
391,turukhansk,100,RU,1581030247,94,65.82,87.98,24.66,16.51
392,caravelas,100,BR,1581030066,79,-17.71,-39.25,80.44,6.85
393,nome,1,US,1581030247,67,64.5,-165.41,-17.0,3.36
394,abu samrah,31,SY,1581030247,85,35.3,37.18,52.2,14.18
395,karaton,20,ID,1581030248,94,-6.34,106.1,78.01,2.24
396,sao jose da laje,20,BR,1581030248,88,-9.01,-36.06,78.8,8.05
397,vangaindrano,100,MG,1581030087,95,-23.35,47.6,71.11,3.04
398,axim,69,GH,1581030088,77,4.87,-2.24,77.81,3.58
399,berlevag,40,NO,1581030081,58,70.86,29.09,26.6,26.4
400,kattivakkam,20,IN,1581030248,83,13.22,80.32,80.01,2.24
401,beringovskiy,91,RU,1581030248,96,63.05,179.32,-23.1,17.9
402,itacoatiara,69,BR,1581030043,72,-3.14,-58.44,77.86,1.41
403,kukuna,0,SL,1581030249,95,9.4,-12.67,69.03,3.6
404,johi,0,PK,1581030249,34,26.69,67.61,59.31,7.85
405,gobabis,39,NA,1581030249,57,-22.45,18.97,74.07,6.11
406,kaoma,100,ZM,1581030125,97,-14.78,24.8,65.89,3.04
407,shingu,75,JP,1581030072,44,33.73,135.98,37.4,2.24
408,las palmas,20,ES,1581030249,72,28.42,-14.01,64.4,8.05
409,yatou,79,CN,1581030060,78,37.15,122.38,30.87,8.88
410,kaeo,74,NZ,1581030249,59,-35.1,173.78,84.99,3.0
411,upington,4,ZA,1581030249,30,-28.45,21.26,86.0,11.41
412,san andres,20,CO,1581030234,66,12.58,-81.7,84.2,8.05
413,asfi,65,MA,1581030250,96,32.3,-9.24,54.7,3.65
414,gat,75,IL,1581030250,82,31.61,34.76,57.2,6.93
415,casablanca,78,MA,1581030128,76,33.59,-7.62,62.01,4.7
416,coolum beach,61,AU,1581030199,99,-26.53,153.1,73.99,4.63
417,south yuba city,1,US,1581030250,41,39.12,-121.64,64.0,1.66
418,navrongo,0,GH,1581030250,13,10.9,-1.09,71.8,10.02
419,luwuk,24,ID,1581030250,74,-0.95,122.79,82.17,4.47
420,esso,67,RU,1581030250,90,55.93,158.7,-7.2,3.65
421,saltpond,77,GH,1581030250,81,5.21,-1.06,81.82,9.13
422,lavrentiya,0,RU,1581030062,89,65.58,-171.0,-25.06,6.08
423,benghazi,26,LY,1581030096,58,32.12,20.07,55.87,21.99
424,anyksciai,0,LT,1581030250,63,55.53,25.1,26.2,10.58
425,te anau,1,NZ,1581030054,58,-45.42,167.72,56.59,5.64
426,bitung,20,ID,1581030016,100,1.45,125.18,73.4,2.24
427,pitimbu,40,BR,1581029860,78,-7.47,-34.81,82.4,9.17
428,benguela,76,AO,1581030251,80,-12.58,13.41,79.25,0.04
429,macau,40,MO,1581030004,88,22.2,113.55,66.0,6.93
430,paamiut,100,GL,1581030090,92,61.99,-49.67,21.06,9.53
431,lonar,53,IN,1581030251,65,19.98,76.53,64.76,9.01
432,olivehurst,1,US,1581030251,41,39.1,-121.55,64.0,1.66
433,samarai,100,PG,1581030251,62,-10.62,150.67,85.26,1.77
434,hovd,66,MN,1581030070,82,48.01,91.64,0.48,1.54
435,oudtshoorn,96,ZA,1581030252,100,-33.59,22.2,60.8,16.11
436,melo,98,UY,1581030252,85,-32.37,-54.18,76.84,12.01
437,iranduba,100,BR,1581030252,94,-3.28,-60.19,82.4,2.24
438,yumen,31,CN,1581030088,54,40.28,97.2,19.15,12.01
439,corning,90,US,1581030252,100,42.14,-77.05,36.0,8.05
440,urucui,97,BR,1581030252,77,-7.23,-44.56,74.53,0.92
441,paka,84,MY,1581030073,88,4.64,103.44,77.0,3.36
442,russell,75,US,1581030029,93,32.35,-85.2,62.6,6.93
443,shakhovskaya,50,RU,1581030252,78,56.03,35.51,17.35,15.57
444,avera,90,US,1581030252,88,33.19,-82.53,64.4,4.7
445,pundaguitan,100,PH,1581030053,83,6.37,126.17,80.26,4.97
446,pochinki,100,RU,1581030252,93,54.7,44.87,15.98,11.23
447,port blair,45,IN,1581030028,71,11.67,92.75,78.39,11.63
448,zaysan,99,KZ,1581030253,91,47.47,84.87,17.94,0.89
449,istok,29,XK,1581030253,78,42.78,20.49,23.0,1.12
450,san jose,1,US,1581029957,59,37.34,-121.89,70.0,9.17
451,khuzhir,100,RU,1581030253,88,53.19,107.34,17.28,7.54
452,masuda,75,JP,1581030253,60,34.67,131.85,39.2,8.05
453,hobyo,100,SO,1581030060,73,5.35,48.53,74.14,13.02
454,amarillo,1,US,1581030064,26,35.22,-101.83,51.8,10.29
455,raga,52,SS,1581030253,14,8.46,25.68,76.84,1.45
456,sire,0,NG,1581030253,14,12.93,5.2,69.35,9.33
457,dumas,1,US,1581030253,17,35.87,-101.97,51.8,10.29
458,okha,99,RU,1581030070,96,53.57,142.95,-8.57,15.01
459,timizart,13,DZ,1581030254,63,36.8,4.27,56.79,14.41
460,bukachacha,93,RU,1581030254,95,52.98,116.92,-11.72,0.96
461,maceio,20,BR,1581030056,88,-9.67,-35.74,78.8,8.05
462,sambava,67,MG,1581030254,95,-14.27,50.17,69.64,2.39
463,asyut,0,EG,1581030254,44,27.18,31.18,57.2,9.17
464,ajaccio,54,FR,1581029988,75,42.0,8.92,44.6,9.17
465,morant bay,20,JM,1581030254,69,17.88,-76.41,82.4,21.92
466,koungou,3,YT,1581030254,83,-12.73,45.2,78.8,2.24
467,douglas,40,US,1581030254,59,41.3,-96.17,37.99,5.82
468,moree,90,AU,1581030254,78,-29.47,149.85,73.4,9.17
469,avrille,0,FR,1581030254,69,47.5,-0.58,37.4,5.82
470,ucluelet,90,CA,1581030127,100,48.93,-125.55,45.0,3.36
471,tete,75,MZ,1581030255,88,-16.16,33.59,78.8,3.36
472,port augusta,2,AU,1581030078,69,-32.5,137.77,75.99,11.41
473,spring hill,90,US,1581030255,74,28.48,-82.53,81.0,24.16
474,kozhva,76,RU,1581030255,98,65.11,57.05,-8.72,2.28
475,flagstaff,1,US,1581029958,37,35.2,-111.65,57.99,15.79
476,bud,90,US,1581030255,80,39.45,-86.18,30.2,10.29
477,kisangani,6,CD,1581030255,78,0.52,25.2,72.25,1.16
478,jaunjelgava,0,LV,1581030255,80,56.62,25.08,26.01,8.99
479,srandakan,99,ID,1581030255,83,-7.94,110.25,78.53,3.36
480,sitka,90,US,1581030081,100,57.05,-135.33,39.2,6.93
481,vung tau,34,VN,1581030256,75,10.35,107.08,69.21,5.93
482,parrita,40,CR,1581030000,51,9.52,-84.32,82.4,4.7
483,palana,100,RU,1581030256,76,59.12,159.97,7.39,9.46
484,rocha,42,UY,1581029786,89,-34.48,-54.33,74.16,11.43
485,nushki,0,PK,1581030256,44,29.55,66.02,42.39,1.14
486,kiruna,99,SE,1581030256,67,67.86,20.23,17.6,9.17
487,menzelinsk,100,RU,1581030256,78,55.73,53.1,12.2,15.66
488,grabovo,100,RU,1581030256,51,53.39,45.06,23.0,9.6
489,kubachi,0,RU,1581030256,54,42.09,47.6,32.61,17.69
490,chokwe,100,MZ,1581030256,90,-24.53,32.98,76.64,6.46
491,mezen,88,RU,1581030256,96,65.85,44.24,7.16,7.7
492,banepa,75,NP,1581030256,87,27.63,85.52,44.6,2.24
493,mitsamiouli,82,KM,1581030095,72,-11.38,43.28,83.14,4.0
494,nishihara,75,JP,1581030257,72,26.18,127.76,68.0,12.75
495,grand-santi,38,GF,1581030257,73,4.25,-54.38,73.9,4.79
496,sorong,100,ID,1581030257,98,-0.88,131.25,73.08,3.8
497,lampang,0,TH,1581030257,71,18.33,99.5,68.0,2.06
498,naze,75,JP,1581030052,82,28.37,129.48,62.6,12.75
499,gushikawa,75,JP,1581030257,72,26.35,127.87,68.0,12.75
500,yinchuan,0,CN,1581030258,76,38.47,106.27,23.67,2.42
501,prince rupert,90,CA,1581030018,93,54.32,-130.32,42.8,3.36
502,dmanisi,8,GE,1581030258,33,41.53,44.35,57.2,6.93
503,sarany,97,RU,1581030258,100,58.5,58.88,-4.14,6.06
504,inhambane,77,MZ,1581030090,84,-23.86,35.38,80.2,10.83
505,xining,0,CN,1581030092,48,36.62,101.77,15.12,4.61
506,susuman,100,RU,1581030258,98,62.78,148.17,-28.84,2.26
507,sabzevar,0,IR,1581030259,50,36.21,57.68,42.85,4.07
508,green river,75,US,1581030259,80,41.53,-109.47,30.2,27.51
509,thessalon,90,CA,1581030259,68,46.25,-83.57,30.2,2.21
510,banda aceh,99,ID,1581030259,90,5.56,95.32,73.38,4.25
511,labuhan,100,ID,1581030259,89,-6.88,112.21,77.86,6.02
512,leavenworth,1,US,1581030259,31,39.23,-95.03,37.99,3.36
513,sierra vista,1,US,1581030089,25,31.55,-110.3,57.2,13.87
514,tarauaca,100,BR,1581030259,96,-8.16,-70.77,73.72,0.74
515,geraldton,79,AU,1581030051,83,-28.77,114.6,69.8,5.82
516,inongo,36,CD,1581030260,66,-1.95,18.27,76.41,0.69
517,locri,40,IT,1581030260,58,38.24,16.26,52.0,3.36
518,udachnyy,90,RU,1581030057,83,66.42,112.4,-4.0,4.47
519,rawson,51,AR,1581030260,76,-43.3,-65.1,60.37,15.68
520,comodoro rivadavia,75,AR,1581030001,77,-45.87,-67.5,59.0,11.41
521,sokur,40,RU,1581030260,73,55.21,83.32,23.0,15.66
522,necochea,39,AR,1581030167,89,-38.55,-58.74,70.0,5.99
523,elbistan,100,TR,1581030261,97,38.21,37.2,33.96,8.12
524,umm lajj,0,SA,1581030261,32,25.02,37.27,60.01,2.55
525,hibbing,1,US,1581030261,62,47.43,-92.94,26.6,3.36
526,palmer,90,US,1581030261,86,42.16,-72.33,36.0,4.7
527,pavlodar,90,KZ,1581029975,100,52.3,76.95,23.0,15.66
528,college,90,US,1581030056,85,64.86,-147.8,21.2,2.3
529,grindavik,75,IS,1581030064,87,63.84,-22.43,42.8,21.92
530,kalanchak,100,UA,1581030261,99,46.26,33.29,28.99,8.23
531,san policarpo,100,PH,1581030262,87,12.18,125.51,80.35,13.58
532,vostok,100,RU,1581030262,94,46.49,135.88,-4.85,3.76
533,scarborough,0,GB,1581030262,100,54.28,-0.4,35.01,8.84
534,nadterechnoye,0,RU,1581030262,86,43.62,45.34,37.4,11.18
535,richards bay,100,ZA,1581030082,80,-28.78,32.04,78.28,23.24
536,toora-khem,73,RU,1581030262,95,52.47,96.11,1.04,2.06
537,half moon bay,1,US,1581030033,59,37.46,-122.43,70.0,9.17
538,oswego,90,US,1581030263,100,43.45,-76.15,34.0,0.34
539,umm kaddadah,0,SD,1581030263,15,13.6,26.69,68.2,9.51
540,makakilo city,90,US,1581030071,100,21.35,-158.09,73.4,6.93
541,rabo de peixe,20,PT,1581030263,77,37.8,-25.58,60.8,21.92
542,amahai,95,ID,1581030263,74,-3.33,128.92,82.69,6.98
543,atar,34,MR,1581030084,10,20.52,-13.05,65.68,6.08
544,high level,75,CA,1581030263,85,58.52,-117.14,15.8,4.7
545,oktyabrskoye,0,RU,1581030263,63,43.06,44.74,39.87,3.67
546,sayyan,59,YE,1581030263,61,15.17,44.32,53.62,1.12
547,buraydah,40,SA,1581030263,59,26.33,43.98,62.6,2.24
548,port moresby,40,PG,1581029772,100,-9.44,147.18,77.0,5.82
549,punganuru,84,IN,1581030264,95,13.37,78.58,60.8,6.67
550,deputatskiy,9,RU,1581030088,100,69.3,139.9,-32.22,1.97
551,kapfenberg,20,AT,1581030264,63,47.45,15.27,32.0,2.24
552,westport,90,US,1581030193,100,41.14,-73.36,41.0,4.7
553,polis,75,CY,1581030077,71,35.04,32.43,55.4,19.46
554,kango,100,GA,1581030264,92,0.19,10.1,76.05,1.95
555,kapoeta,14,SS,1581030264,37,4.77,33.59,85.57,6.35
556,buzmeyin,0,TM,1581030264,34,38.05,58.21,44.6,4.7
557,hualmay,28,PE,1581030264,72,-11.1,-77.61,72.27,5.91
558,santa luzia,90,BR,1581030265,93,-19.77,-43.85,66.2,5.82
559,vallenar,0,CL,1581029827,80,-28.57,-70.76,61.03,4.65
560,bereda,92,ES,1581030265,81,43.27,-7.54,54.0,2.24
561,arkhara,100,RU,1581030265,97,49.42,130.08,-14.96,7.74
562,warri,41,NG,1581030265,85,5.52,5.75,77.58,2.84
563,pagudpud,20,PH,1581030265,88,18.56,120.79,71.6,2.24
564,manta,75,EC,1581030265,70,-0.95,-80.73,86.0,9.17
565,namie,20,JP,1581030265,62,37.48,141.0,28.0,5.82
566,isla vista,1,US,1581030265,45,34.41,-119.86,64.4,10.29
567,miquelon,100,PM,1581030265,89,47.1,-56.38,25.88,14.18
568,ratnagiri,57,IN,1581030266,89,16.98,73.3,57.85,1.86
569,sur,0,OM,1581030096,64,22.57,59.53,62.08,1.21
570,metro,97,ID,1581030266,89,-5.11,105.31,76.8,8.57
571,sao filipe,17,CV,1581030070,61,14.9,-24.5,71.44,15.21
572,sikasso,0,ML,1581030078,14,10.92,-7.0,67.96,3.71
